{
  "project_info": {
    "project_number": "342113892054",
    "project_id": "idk-8aaf9",
    "storage_bucket": "idk-8aaf9.appspot.com"
  },
  "client": [
    {
      "client_info": {
        "mobilesdk_app_id": "1:342113892054:android:0f81061b04a1c331e53b77",
        "android_client_info": {
          "package_name": "com.example.myapplication"
        }
      },
      "oauth_client": [
        {
          "client_id": "342113892054-q3mer15shqtdcq4k9mr3r9i7af3jucqc.apps.googleusercontent.com",
          "client_type": 3
        }
      ],
      "api_key": [
        {
          "current_key": "AIzaSyD6xjQAmaBDjMo-m1MkN2ROcNagv9offzw"
        }
      ],
      "services": {
        "appinvite_service": {
          "other_platform_oauth_client": [
            {
              "client_id": "342113892054-q3mer15shqtdcq4k9mr3r9i7af3jucqc.apps.googleusercontent.com",
              "client_type": 3
            }
          ]
        }
      }
    }
  ],
  "configuration_version": "1"
}